{
  "accuracy": [
    0.7161555886268616,
    0.7842931747436523,
    0.7952505350112915,
    0.8025804162025452,
    0.8111069798469543,
    0.8167165517807007,
    0.818324625492096,
    0.8188855648040771,
    0.8159312009811401,
    0.8172774910926819,
    0.8226252794265747,
    0.8194465041160583,
    0.8245325088500977,
    0.8320119380950928,
    0.8276739120483398,
    0.8310396671295166,
    0.8270755410194397,
    0.8284218311309814,
    0.83070307970047,
    0.8283470273017883,
    0.8284592628479004,
    0.8316754102706909,
    0.8327599167823792,
    0.836088240146637,
    0.8377711176872253,
    0.8382573127746582,
    0.8407254815101624,
    0.8391174077987671,
    0.8405011296272278,
    0.843605101108551,
    0.8406133055686951,
    0.8518324494361877,
    0.8483171463012695,
    0.8489528894424438,
    0.853477954864502,
    0.8507105708122253,
    0.8508975505828857,
    0.8506731390953064,
    0.8502991795539856,
    0.8545998334884644,
    0.854412853717804,
    0.8547120690345764,
    0.8549737930297852,
    0.8575168251991272,
    0.858414351940155,
    0.8599850535392761,
    0.8566566705703735,
    0.8591248989105225,
    0.860882580280304,
    0.8577038049697876,
    0.8587135672569275,
    0.8607704043388367,
    0.8598728775978088,
    0.8591997027397156,
    0.8580403923988342,
    0.8587135672569275,
    0.8613313436508179,
    0.8628272414207458,
    0.8614809513092041,
    0.8613313436508179,
    0.8614809513092041,
    0.8625280261039734,
    0.8639491200447083,
    0.86286461353302,
    0.8644353151321411,
    0.8626776337623596,
    0.8609573841094971,
    0.8630890250205994,
    0.8651458621025085,
    0.8650336861610413,
    0.8620792627334595,
    0.8637621402740479,
    0.8615931272506714,
    0.864884078502655,
    0.8663425445556641,
    0.8622662425041199,
    0.8598728775978088,
    0.8606581687927246,
    0.8644353151321411,
    0.865856409072876,
    0.8642109036445618,
    0.8655946254730225,
    0.8678010702133179,
    0.8647344708442688,
    0.8629394173622131
  ],
  "loss": [
    0.7744289636611938,
    0.5384156703948975,
    0.5047184824943542,
    0.4754718840122223,
    0.45490962266921997,
    0.44653502106666565,
    0.4386470317840576,
    0.4298267066478729,
    0.4371458888053894,
    0.4367765188217163,
    0.4229257106781006,
    0.431641161441803,
    0.41297054290771484,
    0.3971655070781708,
    0.4058791697025299,
    0.39464592933654785,
    0.40962299704551697,
    0.40109238028526306,
    0.3988732695579529,
    0.4047645330429077,
    0.4009827673435211,
    0.3927454948425293,
    0.38498857617378235,
    0.3830064535140991,
    0.3808305561542511,
    0.37186169624328613,
    0.36978524923324585,
    0.37844935059547424,
    0.3669755756855011,
    0.36651182174682617,
    0.37095850706100464,
    0.3469165563583374,
    0.347027063369751,
    0.3463604152202606,
    0.33535510301589966,
    0.34132346510887146,
    0.3424402177333832,
    0.3404713273048401,
    0.33887356519699097,
    0.34042519330978394,
    0.33733367919921875,
    0.3335457146167755,
    0.33628007769584656,
    0.3216038644313812,
    0.3238222599029541,
    0.3169189989566803,
    0.31971052289009094,
    0.31952187418937683,
    0.31661587953567505,
    0.3232198655605316,
    0.3199611008167267,
    0.3148689866065979,
    0.3162609040737152,
    0.31880423426628113,
    0.3171127736568451,
    0.320477157831192,
    0.31571605801582336,
    0.30821388959884644,
    0.3108666241168976,
    0.3113940954208374,
    0.308020681142807,
    0.3096570372581482,
    0.30658698081970215,
    0.3069027066230774,
    0.3060395419597626,
    0.3021673858165741,
    0.31124183535575867,
    0.3061006963253021,
    0.305871844291687,
    0.307973176240921,
    0.30685126781463623,
    0.31016358733177185,
    0.3090389668941498,
    0.3023839294910431,
    0.3053935468196869,
    0.3087458908557892,
    0.30396223068237305,
    0.30553191900253296,
    0.3044527471065521,
    0.3020079731941223,
    0.3031021058559418,
    0.30076834559440613,
    0.2983441650867462,
    0.30941247940063477,
    0.3044644296169281
  ],
  "val_accuracy": [
    0.8468271493911743,
    0.8577680587768555,
    0.8238512277603149,
    0.8457330465316772,
    0.8435448408126831,
    0.8665207624435425,
    0.8457330465316772,
    0.8676148653030396,
    0.8490152955055237,
    0.8698030710220337,
    0.8566739559173584,
    0.8544857501983643,
    0.8282275795936584,
    0.863238513469696,
    0.8752735257148743,
    0.8380743861198425,
    0.8588621616363525,
    0.8479212522506714,
    0.8785557746887207,
    0.8752735257148743,
    0.8610503077507019,
    0.8260393738746643,
    0.8402625918388367,
    0.8894967436790466,
    0.8304157257080078,
    0.8544857501983643,
    0.8216630220413208,
    0.8369802832603455,
    0.8676148653030396,
    0.8785557746887207,
    0.8522976040840149,
    0.8905907869338989,
    0.8894967436790466,
    0.8763676285743713,
    0.8851203322410583,
    0.8873085379600525,
    0.882932186126709,
    0.8555798530578613,
    0.8851203322410583,
    0.8818380832672119,
    0.8840262293815613,
    0.8949671983718872,
    0.8884026408195496,
    0.8873085379600525,
    0.8949671983718872,
    0.8905907869338989,
    0.8840262293815613,
    0.8938730955123901,
    0.8884026408195496,
    0.8905907869338989,
    0.882932186126709,
    0.8851203322410583,
    0.8894967436790466,
    0.8927789926528931,
    0.8862144351005554,
    0.8873085379600525,
    0.891684889793396,
    0.8927789926528931,
    0.8982494473457336,
    0.8960612416267395,
    0.8960612416267395,
    0.8949671983718872,
    0.9004376530647278,
    0.8960612416267395,
    0.9004376530647278,
    0.8982494473457336,
    0.8905907869338989,
    0.8938730955123901,
    0.8971553444862366,
    0.8971553444862366,
    0.891684889793396,
    0.8971553444862366,
    0.891684889793396,
    0.8949671983718872,
    0.8971553444862366,
    0.8971553444862366,
    0.8960612416267395,
    0.8971553444862366,
    0.8949671983718872,
    0.8960612416267395,
    0.9004376530647278,
    0.8949671983718872,
    0.8993435502052307,
    0.8960612416267395,
    0.8949671983718872
  ],