{
  "accuracy": [
    0.8480814695358276,
    0.9174598455429077,
    0.9363102316856384,
    0.9445642232894897,
    0.9538593292236328,
    0.9588786363601685,
    0.9607376456260681,
    0.9666492938995361,
    0.9682480692863464,
    0.970478892326355,
    0.9712596535682678,
    0.973639190196991,
    0.9737507700920105,
    0.9745315313339233,
    0.974605917930603,
    0.9738250970840454,
    0.9767995476722717,
    0.9802572727203369,
    0.9776175022125244,
    0.9794393181800842,
    0.9813727140426636,
    0.9797367453575134,
    0.9802944660186768,
    0.9841240048408508,
    0.9827111959457397,
    0.9810009002685547,
    0.9832689166069031,
    0.9821534752845764,
    0.9843471050262451,
    0.9874330759048462,
    0.9877676963806152,
    0.9888087511062622,
    0.9891433715820312,
    0.988920271396637,
    0.9883254170417786,
    0.9892920851707458,
    0.9893292784690857,
    0.9909651875495911,
    0.9887715578079224,
    0.9898126125335693,
    0.9907792806625366,
    0.9899985194206238,
    0.9897010922431946,
    0.9903703331947327,
    0.9915972352027893,
    0.9924152493476868,
    0.992712676525116,
    0.9927870035171509,
    0.9934191107749939,
    0.9921921491622925,
    0.992006242275238,
    0.9922293424606323,
    0.9928613901138306,
    0.992712676525116,
    0.9931216239929199,
    0.9934191107749939,
    0.9938652515411377,
    0.9942742586135864,
    0.9941255450248718,
    0.9936793446540833,
    0.9937537312507629,
    0.9939767718315125,
    0.9939024448394775,
    0.9941255450248718,
    0.9939767718315125,
    0.994422972202301,
    0.9941998720169067,
    0.9942742586135864,
    0.9946832060813904
  ],
  "loss": [
    0.43195009231567383,
    0.2248842716217041,
    0.1696263551712036,
    0.14395244419574738,
    0.1187053918838501,
    0.10142292082309723,
    0.097439706325531,
    0.08212878555059433,
    0.07496294379234314,
    0.07385831326246262,
    0.06669167429208755,
    0.06557181477546692,
    0.06147091090679169,
    0.060374774038791656,
    0.05932534858584404,
    0.06467774510383606,
    0.0595090351998806,
    0.048474568873643875,
    0.053527288138866425,
    0.05040778964757919,
    0.04541926085948944,
    0.04901567101478577,
    0.045900315046310425,
    0.03711835294961929,
    0.039294641464948654,
    0.04428853094577789,
    0.04233245179057121,
    0.04285994917154312,
    0.0353793166577816,
    0.027496101334691048,
    0.027327988296747208,
    0.024143313989043236,
    0.02477569878101349,
    0.024303242564201355,
    0.026010015979409218,
    0.023284174501895905,
    0.02420695684850216,
    0.020730510354042053,
    0.022624433040618896,
    0.02258574403822422,
    0.020700670778751373,
    0.02291819453239441,
    0.024657554924488068,
    0.02188924513757229,
    0.017898287624120712,
    0.015209370292723179,
    0.015002123080193996,
    0.014526451006531715,
    0.013985258527100086,
    0.01510824728757143,
    0.016163295134902,
    0.015522799454629421,
    0.015266461297869682,
    0.015024522319436073,
    0.01303967647254467,
    0.013632104732096195,
    0.01154344528913498,
    0.012405495159327984,
    0.012435072101652622,
    0.012656568549573421,
    0.01237591914832592,
    0.01159356813877821,
    0.011504522524774075,
    0.013049012050032616,
    0.012932509183883667,
    0.011135999113321304,
    0.011566505767405033,
    0.011582767590880394,
    0.01069625187665224
  ],
  "val_accuracy": [
    0.7627823948860168,
    0.8412604331970215,
    0.8840665817260742,
    0.940546989440918,
    0.9482758641242981,
    0.9643281698226929,
    0.9357907176017761,
    0.9744352102279663,
    0.9340071082115173,
    0.9768133163452148,
    0.973246157169342,
    0.9649227261543274,
    0.9684898853302002,
    0.9565992951393127,
    0.9197384119033813,
    0.9340071082115173,
    0.9797859787940979,
    0.9013079404830933,
    0.9690844416618347,
    0.9690844416618347,
    0.9797859787940979,
    0.9869203567504883,
    0.9649227261543274,
    0.9738406538963318,
    0.9797859787940979,
    0.9857312440872192,
    0.9714625477790833,
    0.9821640849113464,
    0.9637336730957031,
    0.9898929595947266,
    0.9857312440872192,
    0.9922711253166199,
    0.9904875159263611,
    0.9898929595947266,
    0.9922711253166199,
    0.9667062759399414,
    0.9946492314338684,
    0.9910820722579956,
    0.9916765689849854,
    0.9892984628677368,
    0.9898929595947266,
    0.9934601783752441,
    0.9934601783752441,
    0.9916765689849854,
    0.9940546751022339,
    0.9928656220436096,
    0.9958382844924927,
    0.9946492314338684,
    0.9916765689849854,
    0.9910820722579956,
    0.9934601783752441,
    0.9922711253166199,
    0.9934601783752441,
    0.9934601783752441,
    0.9946492314338684,
    0.9958382844924927,
    0.9922711253166199,
    0.9946492314338684,
    0.9952437281608582,
    0.9952437281608582,
    0.9946492314338684,
    0.9946492314338684,
    0.9940546751022339,
    0.9940546751022339,
    0.9952437281608582,
    0.9958382844924927,
    0.9946492314338684,
    0.9946492314338684,
    0.9958382844924927
  ],
  "val_loss": [
    0.6859726905822754,
    0.4689819812774658,
    0.31372055411338806,
    0.16055290400981903,
    0.14430230855941772,
    0.10038718581199646,
    0.19132788479328156,
    0.069058358669281,
    0.17801253497600555,
    0.053204964846372604,
    0.05656691640615463,
    0.09454644471406937,
    0.06433586031198502,
    0.10197503864765167,
    0.2706703841686249,
    0.20471590757369995,
    0.04933827742934227,
    0.3165133595466614,
    0.07488072663545609,
    0.0787305012345314,
    0.04946853220462799,
    0.027646362781524658,
    0.1028670147061348,
    0.06106962636113167,
    0.04041527211666107,
    0.032714784145355225,
    0.08791875839233398,
    0.04594860598444939,
    0.09669966250658035,
    0.02128218300640583,
    0.035483017563819885,
    0.020936159417033195,
    0.018021507188677788,
    0.019327493384480476,
    0.018959181383252144,
    0.10879240185022354,
    0.013814056292176247,
    0.018982326611876488,
    0.022648856043815613,
    0.015272235497832298,
    0.018551554530858994,
    0.01604870893061161,
    0.013876393437385559,
    0.01794855296611786,
    0.013223232701420784,
    0.014627356082201004,
    0.012871178798377514,
    0.013670836575329304,
    0.014719895087182522,
    0.017810678109526634,
    0.01361201610416174,
    0.02310147136449814,
    0.012792264111340046,
    0.013385162688791752,
    0.01255240011960268,
    0.012515626847743988,
    0.013379010371863842,
    0.012072358280420303,
    0.01269508432596922,
    0.012124555185437202,
    0.011670303530991077,
    0.011003818362951279,
    0.011220402084290981,
    0.011835946701467037,
    0.010467523708939552,
    0.010631561279296875,
    0.0104202376678586,
    0.012889612466096878,
    0.010868081822991371
  ],