{
  "accuracy": [
    0.9347857236862183,
    0.9759670495986938,
    0.9820786714553833,
    0.9852243065834045,
    0.9884239435195923,
    0.990796685218811,
    0.9907606840133667,
    0.9925762414932251,
    0.9918032884597778,
    0.9918931722640991,
    0.9906708598136902,
    0.992971658706665,
    0.9931334257125854,
    0.9936727285385132,
    0.9948051571846008,
    0.9955061674118042,
    0.9946074485778809,
    0.9957937598228455,
    0.9948410987854004,
    0.9962072372436523,
    0.9957218766212463,
    0.9966745972633362,
    0.9964768290519714,
    0.9953084588050842,
    0.9969082474708557,
    0.9960993528366089,
    0.9981305599212646,
    0.9984361529350281,
    0.9979867935180664,
    0.9986518621444702,
    0.9984900951385498,
    0.998633861541748,
    0.9985260367393494,
    0.9986698031425476,
    0.9990113377571106,
    0.9991012215614319,
    0.9992091059684753,
    0.9992270469665527,
    0.9991371631622314,
    0.9992629885673523,
    0.9992450475692749,
    0.9993888139724731,
    0.9992450475692749,
    0.9990293383598328,
    0.9993708729743958,
    0.9992270469665527,
    0.9989574551582336,
    0.9994966983795166,
    0.9994966983795166,
    0.9994248151779175,
    0.9993708729743958,
    0.999460756778717,
    0.9995865821838379,
    0.9993708729743958,
    0.9997303485870361,
    0.9994966983795166,
    0.9996225237846375,
    0.9995865821838379,
    0.9995506405830383,
    0.9996045231819153,
    0.9996405243873596,
    0.9995865821838379,
    0.9995326399803162,
    0.9996405243873596,
    0.9996225237846375,
    0.9996764659881592
  ],
  "loss": [
    0.16335590183734894,
    0.06036211550235748,
    0.04485537111759186,
    0.03813212364912033,
    0.030494505539536476,
    0.023941615596413612,
    0.024132676422595978,
    0.019605139270424843,
    0.021040810272097588,
    0.019573071971535683,
    0.024863436818122864,
    0.017780177295207977,
    0.019401276484131813,
    0.016914619132876396,
    0.013653898611664772,
    0.012498571537435055,
    0.013868391513824463,
    0.012035762891173363,
    0.013599985279142857,
    0.01053725928068161,
    0.012069913558661938,
    0.009304084815084934,
    0.009196593426167965,
    0.012481958605349064,
    0.008183491416275501,
    0.009905830025672913,
    0.004662407096475363,
    0.0035957482177764177,
    0.00552497711032629,
    0.0038708914071321487,
    0.004684276878833771,
    0.004144042730331421,
    0.0039288634434342384,
    0.003037375397980213,
    0.0028621903620660305,
    0.0024431319907307625,
    0.0022192751057446003,
    0.0017695395508781075,
    0.001960538560524583,
    0.0018662780057638884,
    0.00209103524684906,
    0.0017432140884920955,
    0.0019533655140548944,
    0.002422625431790948,
    0.0015881283907219768,
    0.0023485329002141953,
    0.0026312696281820536,
    0.0014367965050041676,
    0.0013618391240015626,
    0.0015657085459679365,
    0.0016318269772455096,
    0.0014239032752811909,
    0.001095445011742413,
    0.0013412130065262318,
    0.0007015615119598806,
    0.0016687309835106134,
    0.0009684046963229775,
    0.0012622781796380877,
    0.0009578409371897578,
    0.0010749187786132097,
    0.0010733375092968345,
    0.0009513021796010435,
    0.001263599842786789,
    0.0007719118148088455,
    0.0011675924761220813,
    0.000836531980894506
  ],
  "val_accuracy": [
    0.9792925119400024,
    0.9821685552597046,
    0.9836065769195557,
    0.9833189249038696,
    0.9916594624519348,
    0.9531205296516418,
    0.9953983426094055,
    0.9942479133605957,
    0.9841817617416382,
    0.9971239566802979,
    0.9933850765228271,
    0.9994248151779175,
    0.9979867935180664,
    0.990796685218811,
    0.9922347068786621,
    0.9988495707511902,
    0.9994248151779175,
    0.9982743859291077,
    0.9994248151779175,
    0.9991371631622314,
    0.9902214407920837,
    0.9991371631622314,
    0.9997124075889587,
    0.9979867935180664,
    0.9994248151779175,
    0.995973527431488,
    0.9979867935180664,
    0.9994248151779175,
    0.9991371631622314,
    0.9994248151779175,
    0.9991371631622314,
    0.9994248151779175,
    0.9997124075889587,
    0.9997124075889587,
    0.9994248151779175,
    0.9997124075889587,
    0.9997124075889587,
    0.9997124075889587,
    0.9997124075889587,
    0.9997124075889587,
    0.9997124075889587,
    0.9997124075889587,
    0.9997124075889587,
    0.9997124075889587,
    0.9997124075889587,
    0.9997124075889587,
    0.9997124075889587,
    0.9994248151779175,
    0.9997124075889587,
    0.9997124075889587,
    0.9997124075889587,
    0.9997124075889587,
    0.9997124075889587,
    0.9997124075889587,
    0.9997124075889587,
    0.9997124075889587,
    0.9997124075889587,
    0.9997124075889587,
    0.9997124075889587,
    0.9997124075889587,
    0.9997124075889587,
    0.9997124075889587,
    0.9997124075889587,
    0.9997124075889587,
    0.9997124075889587,
    0.9997124075889587
  ],
  "val_loss": [
    0.06468843668699265,
    0.05488096922636032,
    0.05076653137803078,
    0.048965949565172195,
    0.021443070843815804,
    0.14366234838962555,
    0.012423490174114704,
    0.013777785934507847,
    0.03938882797956467,
    0.013027947396039963,
    0.021098723635077477,
    0.0032192643266171217,
    0.004412414040416479,
    0.02703370898962021,
    0.021274084225296974,
    0.0027268272824585438,
    0.003144016256555915,
    0.003533376846462488,
    0.001557589159347117,
    0.002132022986188531,
    0.026887375861406326,
    0.002214894164353609,
    0.0016716616228222847,
    0.0054400903172791,
    0.00204373593442142,
    0.010558734647929668,
    0.008199907839298248,
    0.0017044886481016874,
    0.0024019235279411077,
    0.0023393055889755487,
    0.0035865670070052147,
    0.0026291492395102978,
    0.003216414013877511,
    0.0028142656665295362,
    0.0023568440228700638,
    0.002255755476653576,
    0.001906249555759132,
    0.000992471701465547,
    0.0015472478698939085,
    0.001979324733838439,
    0.0014110654592514038,
    0.0008965787128545344,
    0.0018259698990732431,
    0.0006374663207679987,
    0.001042147632688284,
    0.0007126316777430475,
    0.0023118641693145037,
    0.002179690869525075,
    0.0018202331848442554,
    0.0022610591258853674,
    0.0020052329637110233,
    0.0022881601471453905,
    0.0016363641479983926,
    0.0020558240357786417,
    0.0020342522766441107,
    0.0021592990960925817,
    0.0018950263038277626,
    0.001930205267854035,
    0.002088790526613593,
    0.0019962771330028772,
    0.0021086365450173616,
    0.002112214220687747,
    0.0019030491821467876,
    0.0020240668673068285,
    0.0019070038106292486,
    0.0018829384353011847
  ],