{
  "accuracy": [
    0.9443821310997009,
    0.9774783253669739,
    0.9835485816001892,
    0.9887101650238037,
    0.9902374148368835,
    0.9911653399467468,
    0.9932918548583984,
    0.9934078454971313,
    0.9946257472038269,
    0.9947030544281006,
    0.9958436489105225,
    0.9954569935798645,
    0.9961336255073547,
    0.9964429140090942,
    0.9972355365753174,
    0.9958436489105225,
    0.9973515272140503,
    0.9963849186897278,
    0.996172308921814,
    0.9962109327316284,
    0.9979121685028076,
    0.9988014101982117,
    0.9982601404190063,
    0.9983761310577393,
    0.9988787770271301,
    0.9983181357383728,
    0.9988594055175781,
    0.9988014101982117,
    0.998724102973938,
    0.9992267489433289,
    0.9988980889320374,
    0.9992460608482361,
    0.9994200468063354,
    0.9992267489433289,
    0.9994587302207947,
    0.9994780421257019,
    0.9995940327644348,
    0.9995747208595276,
    0.9994587302207947,
    0.9994780421257019,
    0.9997873306274414,
    0.9998260140419006
  ],
  "loss": [
    0.14194871485233307,
    0.056591544300317764,
    0.041424237191677094,
    0.02873075380921364,
    0.026000825688242912,
    0.021750781685113907,
    0.01658095419406891,
    0.018477603793144226,
    0.013669480569660664,
    0.014589812606573105,
    0.010530964471399784,
    0.01154306996613741,
    0.01016086433082819,
    0.00959628727287054,
    0.007781093940138817,
    0.011697610840201378,
    0.00713873328641057,
    0.009525923989713192,
    0.010967903770506382,
    0.00931511353701353,
    0.005926753394305706,
    0.0034939211327582598,
    0.004700061399489641,
    0.005001101177185774,
    0.003163751680403948,
    0.004585133865475655,
    0.003259119810536504,
    0.003125297836959362,
    0.003925317898392677,
    0.0024400779511779547,
    0.0034707847516983747,
    0.0021228024270385504,
    0.0018425098387524486,
    0.0020355330780148506,
    0.0014272213447839022,
    0.0014251755783334374,
    0.0012582422932609916,
    0.001249271328561008,
    0.0012192180147394538,
    0.001603341894224286,
    0.0006065232446417212,
    0.0007236967794597149
  ],
  "val_accuracy": [
    0.924837589263916,
    0.9891741275787354,
    0.9740179181098938,
    0.9956696629524231,
    0.9758738279342651,
    0.9947417378425598,
    0.9944323897361755,
    0.9956696629524231,
    0.9962882995605469,
    0.9984534382820129,
    0.994123101234436,
    0.985153079032898,
    0.9990720748901367,
    0.9990720748901367,
    0.96535724401474,
    0.9975255131721497,
    0.9962882995605469,
    0.9987627863883972,
    0.9975255131721497,
    1.0,
    0.9969068765640259,
    0.9993813633918762,
    0.9993813633918762,
    0.9996907114982605,
    0.9981441497802734,
    0.9993813633918762,
    0.9962882995605469,
    0.9996907114982605,
    0.9996907114982605,
    0.9993813633918762,
    0.9993813633918762,
    0.9993813633918762,
    1.0,
    0.9993813633918762,
    0.9996907114982605,
    0.9996907114982605,
    0.9990720748901367,
    1.0,
    0.9996907114982605,
    1.0,
    1.0,
    0.9996907114982605
  ],
  "val_loss": [
    0.21385227143764496,
    0.03425988554954529,
    0.0745779275894165,
    0.012861136347055435,
    0.06376170367002487,
    0.013473051600158215,
    0.015810035169124603,
    0.008975588716566563,
    0.011338414624333382,
    0.004902190528810024,
    0.018894394859671593,
    0.061373088508844376,
    0.0023349791299551725,
    0.002861544257029891,
    0.11711690574884415,
    0.006141758058220148,
    0.01324065588414669,
    0.004153914283961058,
    0.006847090553492308,
    0.002372046699747443,
    0.007949004881083965,
    0.0015285146655514836,
    0.0013036943273618817,
    0.0008568650227971375,
    0.006130552385002375,
    0.002148732077330351,
    0.012623743154108524,
    0.0009705763659439981,
    0.002409049542620778,
    0.003697143169119954,
    0.001989732263609767,
    0.0013657970121130347,
    0.00021623143402393907,
    0.001482070772908628,
    0.0019047129899263382,
    0.0012060763547196984,
    0.002309329342097044,
    0.0001417913008481264,
    0.000369414163287729,
    0.00017499225214123726,
    6.600032793357968e-05,
    0.00032541248947381973
  ],
  "learning_rate": [
    0.0010000000474974513,
    0.0010000000474974513,
    0.0010000000474974513,
    0.0010000000474974513,
    0.0010000000474974513,
    0.0010000000474974513,
    0.0010000000474974513,
    0.0010000000474974513,
    0.0010000000474974513,
    0.0010000000474974513,
    0.0010000000474974513,
    0.0010000000474974513,
    0.0010000000474974513,
    0.0010000000474974513,
    0.0010000000474974513,
    0.0010000000474974513,
    0.0010000000474974513,
    0.0010000000474974513,
    0.0010000000474974513,
    0.0010000000474974513,
    0.0005000000237487257,
    0.0005000000237487257,
    0.0005000000237487257,
    0.0005000000237487257,
    0.0005000000237487257,
    0.0005000000237487257,
    0.0005000000237487257,
    0.0005000000237487257,
    0.0005000000237487257,
    0.0005000000237487257,
    0.0005000000237487257,
    0.0002500000118743628,
    0.0002500000118743628,
    0.0002500000118743628,
    0.0002500000118743628,
    0.0002500000118743628,
    0.0002500000118743628,
    0.0002500000118743628,
    0.0002500000118743628,
    0.0002500000118743628,
    0.0001250000059371814,
    0.0001250000059371814
  ]
}