{
  "accuracy": [
    0.9405319690704346,
    0.9755144119262695,
    0.9859485030174255,
    0.988039493560791,
    0.9901304841041565,
    0.9932251572608948,
    0.9926605820655823,
    0.9940197467803955,
    0.9924096465110779,
    0.9942079186439514,
    0.9946679472923279,
    0.996215283870697,
    0.9952743649482727,
    0.9956716299057007,
    0.9964871406555176,
    0.9969680309295654,
    0.9966543912887573,
    0.9970517158508301,
    0.9976999163627625,
    0.997637152671814,
    0.9968844056129456,
    0.9982017278671265,
    0.9976999163627625,
    0.9989126920700073,
    0.9989963173866272,
    0.9991427063941956,
    0.9991844892501831,
    0.9990172386169434,
    0.9994354248046875,
    0.9995190501213074,
    0.998870849609375,
    0.9990381598472595,
    0.9997281432151794,
    0.999602735042572,
    0.999498188495636,
    0.9997281432151794,
    0.9997281432151794,
    0.9997699856758118,
    0.9997490644454956,
    0.9996235966682434,
    0.9997281432151794,
    0.999895453453064,
    0.9998118281364441,
    0.9997909069061279,
    0.9998118281364441,
    0.9998745322227478,
    0.9998327493667603
  ],
  "loss": [
    0.154500812292099,
    0.06269548833370209,
    0.03531407192349434,
    0.03015553578734398,
    0.02538677118718624,
    0.01859871856868267,
    0.02028394676744938,
    0.015293759293854237,
    0.020419614389538765,
    0.015120740979909897,
    0.014017464593052864,
    0.010281568393111229,
    0.012390273623168468,
    0.011486946605145931,
    0.009282887913286686,
    0.008036084473133087,
    0.009393882937729359,
    0.007678941357880831,
    0.006693265866488218,
    0.007306647952646017,
    0.008304737508296967,
    0.005036761052906513,
    0.00622950354591012,
    0.0029393406584858894,
    0.0031332187354564667,
    0.0022640572860836983,
    0.002673202659934759,
    0.0028373508248478174,
    0.0017012349562719464,
    0.0015192535938695073,
    0.0030019315890967846,
    0.002182919764891267,
    0.000715292408131063,
    0.0012327941367402673,
    0.0014301761984825134,
    0.0009547650115564466,
    0.0011166958138346672,
    0.00045978283742442727,
    0.0006989067769609392,
    0.000923348474316299,
    0.0009717261418700218,
    0.00031855798442848027,
    0.000546056660823524,
    0.00047668186016380787,
    0.0005756904720328748,
    0.0003755117650143802,
    0.00044176477240398526
  ],
  "val_accuracy": [
    0.6594178676605225,
    0.9819337725639343,
    0.9561726450920105,
    0.9856139421463013,
    0.9986617565155029,
    0.9819337725639343,
    0.9939779043197632,
    0.985279381275177,
    0.8745399713516235,
    0.9103379249572754,
    0.9755771160125732,
    0.9986617565155029,
    0.991301417350769,
    0.9916359782218933,
    0.9973235130310059,
    0.9996654391288757,
    0.9859485030174255,
    0.9996654391288757,
    0.9989963173866272,
    0.9655402898788452,
    0.9989963173866272,
    0.9989963173866272,
    0.9447975754737854,
    0.989963173866272,
    1.0,
    0.9989963173866272,
    0.9989963173866272,
    0.9989963173866272,
    0.9996654391288757,
    0.9993308782577515,
    0.9993308782577515,
    0.9993308782577515,
    0.9989963173866272,
    0.9989963173866272,
    0.9993308782577515,
    0.9989963173866272,
    0.9989963173866272,
    0.9989963173866272,
    0.9989963173866272,
    0.9993308782577515,
    0.9989963173866272,
    0.9989963173866272,
    0.9993308782577515,
    0.9989963173866272,
    0.9993308782577515,
    0.9993308782577515,
    0.9989963173866272
  ],
  "val_loss": [
    1.2652599811553955,
    0.04817494750022888,
    0.14405502378940582,
    0.03921688348054886,
    0.005856232717633247,
    0.05423839017748833,
    0.013581990264356136,
    0.03746491298079491,
    0.4629599153995514,
    0.413811594247818,
    0.0775754302740097,
    0.002461974276229739,
    0.024481719359755516,
    0.03625097498297691,
    0.006037351209670305,
    0.0005176022532396019,
    0.04611695185303688,
    0.0019525873940438032,
    0.002473927801474929,
    0.13083678483963013,
    0.001819334807805717,
    0.0033355271443724632,
    0.2103300839662552,
    0.061986085027456284,
    3.7212132156128064e-05,
    0.0021146824583411217,
    0.0033874588552862406,
    0.0021579195745289326,
    0.0006866637850180268,
    0.002832398284226656,
    0.0023191040381789207,
    0.0021517795976251364,
    0.0032089916057884693,
    0.002599509200081229,
    0.003240421647205949,
    0.004282405134290457,
    0.0047426484525203705,
    0.005883518140763044,
    0.0036845882423222065,
    0.0031658748630434275,
    0.004081680905073881,
    0.0035323749762028456,
    0.0029777202289551497,
    0.004422964062541723,
    0.002457068068906665,
    0.003218407277017832,
    0.004313835874199867
  ],
  "learning_rate": [
    0.0010000000474974513,
    0.0010000000474974513,
    0.0010000000474974513,
    0.0010000000474974513,
    0.0010000000474974513,
    0.0010000000474974513,
    0.0010000000474974513,
    0.0010000000474974513,
    0.0010000000474974513,
    0.0010000000474974513,
    0.0010000000474974513,
    0.0010000000474974513,
    0.0010000000474974513,
    0.0010000000474974513,
    0.0010000000474974513,
    0.0010000000474974513,
    0.0010000000474974513,
    0.0010000000474974513,
    0.0010000000474974513,
    0.0010000000474974513,
    0.0010000000474974513,
    0.0010000000474974513,
    0.0010000000474974513,
    0.0005000000237487257,
    0.0005000000237487257,
    0.0005000000237487257,
    0.0005000000237487257,
    0.0005000000237487257,
    0.0005000000237487257,
    0.0005000000237487257,
    0.0005000000237487257,
    0.0005000000237487257,
    0.0002500000118743628,
    0.0002500000118743628,
    0.0002500000118743628,
    0.0002500000118743628,
    0.0002500000118743628,
    0.0002500000118743628,
    0.0002500000118743628,
    0.0001250000059371814,
    0.0001250000059371814,
    0.0001250000059371814,
    0.0001250000059371814,
    0.0001250000059371814,
    0.0001250000059371814,
    0.0001250000059371814,
    6.25000029685907e-05
  ]
}