{
  "accuracy": [
    0.93730229139328,
    0.9759131669998169,
    0.9821505546569824,
    0.9850265979766846,
    0.9874352812767029,
    0.9898619651794434,
    0.9918931722640991,
    0.9917314052581787,
    0.9924324154853821,
    0.992702066898346,
    0.9923065900802612,
    0.9960454702377319,
    0.9961712956428528,
    0.9964408874511719,
    0.996998131275177,
    0.996512770652771,
    0.9973756074905396,
    0.9973037242889404,
    0.9970700144767761,
    0.9978609681129456,
    0.9971239566802979,
    0.9979687929153442,
    0.9975733160972595,
    0.9981845021247864,
    0.9974654912948608,
    0.9977890253067017,
    0.9978609681129456,
    0.9982743859291077,
    0.9979867935180664,
    0.9977710843086243,
    0.9982923269271851,
    0.9988675713539124,
    0.9989035129547119,
    0.9988136291503906,
    0.999119222164154,
    0.9988316297531128,
    0.9987596869468689,
    0.9990293383598328,
    0.9990832805633545,
    0.9989035129547119,
    0.9991731643676758,
    0.9990113377571106,
    0.9997124075889587,
    0.9994068145751953,
    0.999514639377594,
    0.999514639377594,
    0.9993708729743958,
    0.999316930770874,
    0.999514639377594,
    0.9995865821838379,
    0.9995685815811157,
    0.9995506405830383,
    0.9995865821838379,
    0.9996764659881592,
    0.9994786977767944,
    0.9995685815811157,
    0.999460756778717,
    0.9995865821838379,
    0.9996045231819153,
    0.9996764659881592,
    0.9995506405830383,
    0.9996225237846375,
    0.9997483491897583,
    0.9996944069862366,
    0.9995326399803162,
    0.9996405243873596,
    0.9996764659881592,
    0.9996405243873596,
    0.9997303485870361,
    0.9997483491897583,
    0.9996944069862366,
    0.999514639377594,
    0.9997483491897583,
    0.999658465385437,
    0.99980229139328,
    0.9996764659881592
  ],
  "loss": [
    0.15851110219955444,
    0.060799382627010345,
    0.04385761544108391,
    0.037436410784721375,
    0.032076891511678696,
    0.026049025356769562,
    0.020425649359822273,
    0.021353023126721382,
    0.01937710866332054,
    0.01750500313937664,
    0.02073376439511776,
    0.01093028299510479,
    0.009221947751939297,
    0.009330624714493752,
    0.007730507757514715,
    0.0087769515812397,
    0.006671855226159096,
    0.0067168655805289745,
    0.007138829678297043,
    0.006066697649657726,
    0.007024067919701338,
    0.005929793231189251,
    0.0062294043600559235,
    0.004567757714539766,
    0.006427197251468897,
    0.005904890596866608,
    0.0057298773899674416,
    0.005188668612390757,
    0.005205811467021704,
    0.005945299286395311,
    0.004535664804279804,
    0.003163776593282819,
    0.0025636537466198206,
    0.0030869217589497566,
    0.0021390265319496393,
    0.0026982836425304413,
    0.0027688355185091496,
    0.0023956610821187496,
    0.002671705326065421,
    0.0025222578551620245,
    0.002107443753629923,
    0.0025468121748417616,
    0.0014009673614054918,
    0.0015112648252397776,
    0.00161862897220999,
    0.0013353289104998112,
    0.0013587485300377011,
    0.001883815973997116,
    0.0012694546021521091,
    0.0012189213884994388,
    0.0011602819431573153,
    0.00130775710567832,
    0.0010826451471075416,
    0.0010857869638130069,
    0.0013723078882321715,
    0.001074169180355966,
    0.001491725561209023,
    0.00099560443777591,
    0.0010864754440262914,
    0.0011106071760877967,
    0.0013402784243226051,
    0.0010412626434117556,
    0.0007549345027655363,
    0.0007701878203079104,
    0.001176240504719317,
    0.0011729187099263072,
    0.0007574889459647238,
    0.0013992645544931293,
    0.0008153226808644831,
    0.0007988523575477302,
    0.0007511703879572451,
    0.0012063420144841075,
    0.0008497628732584417,
    0.0008668825030326843,
    0.0006980953039601445,
    0.0007877421448938549
  ],
  "val_accuracy": [
    0.9554213285446167,
    0.976128876209259,
    0.985332190990448,
    0.9979867935180664,
    0.9939603209495544,
    0.9965487718582153,
    0.9956859350204468,
    0.9902214407920837,
    0.9962611198425293,
    0.995973527431488,
    0.994535505771637,
    0.9988495707511902,
    0.9991371631622314,
    0.9994248151779175,
    0.9991371631622314,
    0.9988495707511902,
    0.9994248151779175,
    0.9962611198425293,
    0.9997124075889587,
    0.9994248151779175,
    0.9994248151779175,
    0.9991371631622314,
    0.9994248151779175,
    0.9997124075889587,
    0.9991371631622314,
    0.9991371631622314,
    0.9997124075889587,
    0.9942479133605957,
    0.9997124075889587,
    0.9997124075889587,
    0.9976991415023804,
    0.9994248151779175,
    0.9997124075889587,
    0.9997124075889587,
    0.9994248151779175,
    0.9997124075889587,
    0.9994248151779175,
    0.9997124075889587,
    0.9997124075889587,
    0.9997124075889587,
    0.9991371631622314,
    0.9997124075889587,
    0.9997124075889587,
    0.9997124075889587,
    0.9997124075889587,
    0.9997124075889587,
    0.9997124075889587,
    0.9997124075889587,
    0.9997124075889587,
    0.9997124075889587,
    0.9997124075889587,
    0.9997124075889587,
    0.9997124075889587,
    1.0,
    0.9997124075889587,
    0.9997124075889587,
    0.9997124075889587,
    0.9997124075889587,
    0.9997124075889587,
    0.9997124075889587,
    0.9997124075889587,
    0.9997124075889587,
    0.9997124075889587,
    0.9997124075889587,
    0.9997124075889587,
    0.9997124075889587,
    1.0,
    0.9997124075889587,
    0.9997124075889587,
    0.9997124075889587,
    0.9997124075889587,
    0.9997124075889587,
    0.9997124075889587,
    0.9997124075889587,
    0.9997124075889587,
    0.9997124075889587
  ],
  "val_loss": [
    0.13138259947299957,
    0.07293066382408142,
    0.049274276942014694,
    0.009949395433068275,
    0.016546109691262245,
    0.0109506044536829,
    0.013525789603590965,
    0.02622770145535469,
    0.011082249693572521,
    0.013957580551505089,
    0.018435044214129448,
    0.0034612505696713924,
    0.001783867715857923,
    0.0034290936309844255,
    0.003381244372576475,
    0.0034375195391476154,
    0.0010922770015895367,
    0.015154670923948288,
    0.0015103576006367803,
    0.002483382122591138,
    0.0027548137586563826,
    0.0029275240376591682,
    0.0017418185016140342,
    0.0005874726339243352,
    0.0039826007559895515,
    0.0030806357972323895,
    0.001201024861074984,
    0.016842421144247055,
    0.0016230327310040593,
    0.001849585329182446,
    0.007014766801148653,
    0.002468677004799247,
    0.0009356269729323685,
    0.00030410822364501655,
    0.0008551678620278835,
    0.0006025785696692765,
    0.0016321917064487934,
    0.0010676594683900476,
    0.0010361369932070374,
    0.0010394855635240674,
    0.004402284976094961,
    0.0013438203604891896,
    0.000511600577738136,
    0.0012169171823188663,
    0.0009455909603275359,
    0.0014227628707885742,
    0.0019459654577076435,
    0.0011779246851801872,
    0.0011882000835612416,
    0.000764899596106261,
    0.00030513067031279206,
    0.00030118683935143054,
    0.00037353739026002586,
    0.00015283972606994212,
    0.0004305469919927418,
    0.0007729952922090888,
    0.0009170416742563248,
    0.001128724659793079,
    0.001308903913013637,
    0.00105035409796983,
    0.000966810854151845,
    0.0006138069438748062,
    0.00113243970554322,
    0.000526155810803175,
    0.0010581136448308825,
    0.0005843739490956068,
    0.000189091035281308,
    0.0012287282152101398,
    0.0008737621828913689,
    0.000581566127948463,
    0.000623685191385448,
    0.0005557776894420385,
    0.0006784728029742837,
    0.0007819739985279739,
    0.0006838242989033461,
    0.0005514670046977699
  ],