{
  "accuracy": [
    0.7336711883544922,
    0.883727490901947,
    0.9201858043670654,
    0.9290540814399719,
    0.944397509098053,
    0.9421452879905701,
    0.9480574131011963,
    0.9466497898101807,
    0.9489020109176636,
    0.9524211883544922,
    0.9560810923576355,
    0.9584740996360779,
    0.9576295018196106,
    0.9527027010917664,
    0.9535472989082336,
    0.955940306186676,
    0.9553772807121277,
    0.9584740996360779,
    0.9494650959968567,
    0.9545326828956604,
    0.9576295018196106,
    0.9491835832595825,
    0.9579110145568848,
    0.9611486196517944,
    0.9566441178321838,
    0.9534065127372742,
    0.9552364945411682,
    0.9624155163764954,
    0.9569256901741028,
    0.9611486196517944,
    0.9617117047309875,
    0.9629786014556885,
    0.9643862843513489,
    0.9676238894462585,
    0.9683277010917664,
    0.9632601141929626,
    0.9673423171043396,
    0.9615709185600281,
    0.9676238894462585,
    0.9719876050949097,
    0.9656531810760498,
    0.9679054021835327,
    0.9736768007278442,
    0.9714245200157166,
    0.9731137156486511,
    0.9753659963607788,
    0.9733952879905701,
    0.9783220887184143,
    0.9736768007278442,
    0.9783220887184143,
    0.9783220887184143,
    0.9770551919937134,
    0.9797297120094299,
    0.9750844836235046,
    0.9771959185600281,
    0.9778997898101807,
    0.9763513803482056,
    0.9781813025474548,
    0.978744387626648,
    0.9822635054588318
  ],
  "loss": [
    0.7472439408302307,
    0.3094537854194641,
    0.2274080067873001,
    0.19474780559539795,
    0.1583142876625061,
    0.1546044796705246,
    0.14304792881011963,
    0.14736928045749664,
    0.13853086531162262,
    0.1257363110780716,
    0.11820024251937866,
    0.11397720873355865,
    0.11388244479894638,
    0.11653348803520203,
    0.12192658334970474,
    0.11820653080940247,
    0.11332973837852478,
    0.11260542273521423,
    0.13183367252349854,
    0.12670329213142395,
    0.11458473652601242,
    0.1354266107082367,
    0.1121421754360199,
    0.11158540099859238,
    0.11428900808095932,
    0.12286031246185303,
    0.12463147193193436,
    0.11091536283493042,
    0.11675459891557693,
    0.11058934032917023,
    0.10331834107637405,
    0.10379953682422638,
    0.09943079948425293,
    0.09014301747083664,
    0.09073098748922348,
    0.09659139066934586,
    0.09035863727331161,
    0.10134395211935043,
    0.09021738916635513,
    0.08092181384563446,
    0.09482676535844803,
    0.09300218522548676,
    0.0711769163608551,
    0.07860839366912842,
    0.07281257957220078,
    0.07080809772014618,
    0.07142449915409088,
    0.06093478947877884,
    0.07423438876867294,
    0.056378480046987534,
    0.05864276364445686,
    0.06017564982175827,
    0.056561049073934555,
    0.06703508645296097,
    0.06302453577518463,
    0.055111195892095566,
    0.06390874832868576,
    0.06499151140451431,
    0.0585213266313076,
    0.052250638604164124
  ],
  "val_accuracy": [
    0.9444444179534912,
    0.9826388955116272,
    0.9861111044883728,
    0.9861111044883728,
    0.9895833134651184,
    0.9895833134651184,
    0.9861111044883728,
    0.9826388955116272,
    0.9861111044883728,
    0.9652777910232544,
    0.9618055820465088,
    0.9826388955116272,
    0.9583333134651184,
    0.9618055820465088,
    0.9375,
    0.9861111044883728,
    0.9930555820465088,
    0.9895833134651184,
    0.9965277910232544,
    0.9930555820465088,
    0.9895833134651184,
    0.9930555820465088,
    0.9895833134651184,
    0.9895833134651184,
    0.9479166865348816,
    0.9930555820465088,
    0.96875,
    0.9930555820465088,
    0.9861111044883728,
    0.9895833134651184,
    0.9722222089767456,
    0.9965277910232544,
    0.9861111044883728,
    0.9965277910232544,
    1.0,
    0.9826388955116272,
    0.9756944179534912,
    0.9826388955116272,
    0.9722222089767456,
    0.9965277910232544,
    0.9895833134651184,
    0.9895833134651184,
    0.9895833134651184,
    1.0,
    1.0,
    0.9895833134651184,
    0.9930555820465088,
    0.9895833134651184,
    0.9930555820465088,
    0.9965277910232544,
    0.9965277910232544,
    0.9930555820465088,
    0.9930555820465088,
    1.0,
    1.0,
    1.0,
    1.0,
    1.0,
    0.9965277910232544,
    0.9861111044883728
  ],
  "val_loss": [
    0.26721885800361633,
    0.10048609226942062,
    0.0893617793917656,
    0.0794791430234909,
    0.06996683031320572,
    0.05483212321996689,
    0.07627901434898376,
    0.0828048437833786,
    0.0579383559525013,
    0.07870522141456604,
    0.09442392736673355,
    0.036487363278865814,
    0.12894994020462036,
    0.09004466235637665,
    0.15381309390068054,
    0.04449122026562691,
    0.04169975966215134,
    0.05308976024389267,
    0.03278087079524994,
    0.030662119388580322,
    0.02898840792477131,
    0.03460340201854706,
    0.037263136357069016,
    0.03483840823173523,
    0.09029309451580048,
    0.03415214642882347,
    0.06298135221004486,
    0.026623215526342392,
    0.04300917685031891,
    0.03227739408612251,
    0.06894609332084656,
    0.02071491628885269,
    0.03738047182559967,
    0.022312231361865997,
    0.009371560998260975,
    0.033534422516822815,
    0.05509987473487854,
    0.02726151794195175,
    0.0742577388882637,
    0.015329682268202305,
    0.029130719602108,
    0.024875696748495102,
    0.016187012195587158,
    0.00929469708353281,
    0.0112818144261837,
    0.0211324505507946,
    0.017603764310479164,
    0.015501652844250202,
    0.015792885795235634,
    0.010089433752000332,
    0.010418647900223732,
    0.010071958415210247,
    0.011110661551356316,
    0.004059215541929007,
    0.006761058233678341,
    0.008022885769605637,
    0.007850832305848598,
    0.007941528223454952,
    0.008119531907141209,
    0.022775964811444283
  ],
  "learning_rate": [
    0.0010000000474974513,
    0.0010000000474974513,
    0.0010000000474974513,
    0.0010000000474974513,
    0.0010000000474974513,
    0.0010000000474974513,
    0.0010000000474974513,
    0.0010000000474974513,
    0.0010000000474974513,
    0.0010000000474974513,
    0.0010000000474974513,
    0.0010000000474974513,
    0.0010000000474974513,
    0.0010000000474974513,
    0.0010000000474974513,
    0.0010000000474974513,
    0.0010000000474974513,
    0.0010000000474974513,
    0.0010000000474974513,
    0.0010000000474974513,
    0.0010000000474974513,
    0.0010000000474974513,
    0.0010000000474974513,
    0.0010000000474974513,
    0.0010000000474974513,
    0.0010000000474974513,
    0.0010000000474974513,
    0.0010000000474974513,
    0.0010000000474974513,
    0.0010000000474974513,
    0.0010000000474974513,
    0.0010000000474974513,
    0.0010000000474974513,
    0.0010000000474974513,
    0.0010000000474974513,
    0.0010000000474974513,
    0.0010000000474974513,
    0.0010000000474974513,
    0.0010000000474974513,
    0.0010000000474974513,
    0.0010000000474974513,
    0.0010000000474974513,
    0.0005000000237487257,
    0.0005000000237487257,
    0.0005000000237487257,
    0.0005000000237487257,
    0.0005000000237487257,
    0.0005000000237487257,
    0.0005000000237487257,
    0.0002500000118743628,
    0.0002500000118743628,
    0.0002500000118743628,
    0.0002500000118743628,
    0.0002500000118743628,
    0.0002500000118743628,
    0.0002500000118743628,
    0.0002500000118743628,
    0.0002500000118743628,
    0.0002500000118743628,
    0.0002500000118743628
  ]
}