{
  "accuracy": [
    0.9131355881690979,
    0.9574360847473145,
    0.9690191745758057,
    0.9743157625198364,
    0.9791609048843384,
    0.9821825623512268,
    0.9842143654823303,
    0.984144926071167,
    0.9867497682571411,
    0.9866803288459778,
    0.987062394618988,
    0.9888858199119568,
    0.988764226436615,
    0.9901534914970398,
    0.9901534914970398,
    0.9911607503890991,
    0.990414023399353,
    0.9912128448486328,
    0.9906050562858582,
    0.9918901324272156,
    0.9927236437797546,
    0.9940955638885498,
    0.995033323764801,
    0.9949291348457336,
    0.9952070116996765,
    0.9949465394020081,
    0.9950680732727051,
    0.9943040013313293,
    0.9951201677322388,
    0.9959537386894226
  ],
  "loss": [
    0.21899573504924774,
    0.09926082193851471,
    0.0756479874253273,
    0.06281029433012009,
    0.05084388703107834,
    0.044034816324710846,
    0.039112791419029236,
    0.039303723722696304,
    0.03339361771941185,
    0.03375823795795441,
    0.031178778037428856,
    0.027048533782362938,
    0.028480838984251022,
    0.02511078305542469,
    0.024804001674056053,
    0.022357607260346413,
    0.022881614044308662,
    0.022905033081769943,
    0.023399583995342255,
    0.021943124011158943,
    0.019052552059292793,
    0.015188868157565594,
    0.013229300267994404,
    0.013731049373745918,
    0.012510701082646847,
    0.01316597405821085,
    0.011999113485217094,
    0.014378521591424942,
    0.012620345689356327,
    0.011345905251801014
  ],
  "val_accuracy": [
    0.9688802361488342,
    0.9783273339271545,
    0.9849958419799805,
    0.9847179651260376,
    0.9927757978439331,
    0.9952764511108398,
    0.9836065769195557,
    0.9958322048187256,
    0.9961100220680237,
    0.9908307790756226,
    0.9969435930252075,
    0.9924979209899902,
    0.9877743721008301,
    0.9963878989219666,
    0.9949986338615417,
    0.9872186779975891,
    0.9719366431236267,
    0.9972214698791504,
    0.9941650629043579,
    0.9947207570075989,
    0.988052248954773,
    0.9988885521888733,
    0.9974992871284485,
    0.9980550408363342,
    0.9988885521888733,
    0.9972214698791504,
    0.9986107349395752,
    0.9986107349395752,
    0.9986107349395752,
    0.9986107349395752
  ],
  "val_loss": [
    0.1024436429142952,
    0.05733172595500946,
    0.045121777802705765,
    0.04295624792575836,
    0.024247772991657257,
    0.02096155844628811,
    0.045363664627075195,
    0.012775463983416557,
    0.01823199726641178,
    0.02457061968743801,
    0.01077237632125616,
    0.02478749118745327,
    0.0396481454372406,
    0.009416804648935795,
    0.011822397820651531,
    0.043146442621946335,
    0.0772341638803482,
    0.011854906566441059,
    0.015689721331000328,
    0.021184511482715607,
    0.029280971735715866,
    0.0044172946363687515,
    0.009365329518914223,
    0.005401951726526022,
    0.0051046209409832954,
    0.009875170886516571,
    0.005216793157160282,
    0.004053521901369095,
    0.005739727523177862,
    0.005737072788178921
  ],
  "learning_rate": [
    0.0010000000474974513,
    0.0010000000474974513,
    0.0010000000474974513,
    0.0010000000474974513,
    0.0010000000474974513,
    0.0010000000474974513,
    0.0010000000474974513,
    0.0010000000474974513,
    0.0010000000474974513,
    0.0010000000474974513,
    0.0010000000474974513,
    0.0010000000474974513,
    0.0010000000474974513,
    0.0010000000474974513,
    0.0010000000474974513,
    0.0010000000474974513,
    0.0010000000474974513,
    0.0010000000474974513,
    0.0010000000474974513,
    0.0010000000474974513,
    0.0010000000474974513,
    0.0005000000237487257,
    0.0005000000237487257,
    0.0005000000237487257,
    0.0005000000237487257,
    0.0005000000237487257,
    0.0005000000237487257,
    0.0005000000237487257,
    0.0005000000237487257,
    0.0005000000237487257
  ]
}