{
  "accuracy": [
    0.9173207879066467,
    0.9622464776039124,
    0.972353458404541,
    0.9787961840629578,
    0.9816615581512451,
    0.9839538931846619,
    0.9830334782600403,
    0.9856210350990295,
    0.987618088722229,
    0.9880348443984985,
    0.9878785610198975,
    0.9877049326896667,
    0.9877570271492004,
    0.9897193908691406,
    0.9908828735351562,
    0.9902924299240112,
    0.9900840520858765,
    0.9913517832756042,
    0.9910391569137573,
    0.9923937320709229,
    0.9925673604011536,
    0.9930883646011353,
    0.992671549320221,
    0.9931578040122986,
    0.9927757978439331,
    0.9920464158058167,
    0.9932793974876404,
    0.9926542043685913,
    0.9932446479797363,
    0.9940608739852905,
    0.9934183359146118,
    0.9947555065155029,
    0.9946513175964355,
    0.9941303133964539,
    0.9940087795257568,
    0.9946860074996948,
    0.9948770403862,
    0.9951722621917725,
    0.9947207570075989,
    0.9956585168838501,
    0.9967352151870728,
    0.997204065322876,
    0.9965094327926636,
    0.9961447715759277,
    0.997117280960083,
    0.9970477819442749,
    0.9971346259117126,
    0.9973256587982178,
    0.9972561597824097,
    0.9971519708633423,
    0.9975340366363525,
    0.9969956874847412,
    0.9974125027656555,
    0.997360348701477,
    0.9982113242149353,
    0.9983328580856323,
    0.9979507923126221,
    0.9982113242149353,
    0.9985238909721375,
    0.9983328580856323
  ],
  "loss": [
    0.20602312684059143,
    0.08983836323022842,
    0.06869703531265259,
    0.05390482768416405,
    0.045226555317640305,
    0.040547970682382584,
    0.04131001606583595,
    0.03740844503045082,
    0.03202022984623909,
    0.030289743095636368,
    0.031217293813824654,
    0.0304679237306118,
    0.030657069757580757,
    0.026475338265299797,
    0.023625345900654793,
    0.025733008980751038,
    0.025247817859053612,
    0.022445429116487503,
    0.023015115410089493,
    0.01935529336333275,
    0.020136380568146706,
    0.018222618848085403,
    0.019521471112966537,
    0.01814495027065277,
    0.018232380971312523,
    0.02107188105583191,
    0.01763257570564747,
    0.018790550529956818,
    0.01796826347708702,
    0.016311950981616974,
    0.016755588352680206,
    0.01463786605745554,
    0.013855264522135258,
    0.01650119386613369,
    0.015584210865199566,
    0.0139039671048522,
    0.013687588274478912,
    0.013004639185965061,
    0.013948538340628147,
    0.011078709736466408,
    0.008516530506312847,
    0.007985671050846577,
    0.009291092865169048,
    0.010173098184168339,
    0.007822570390999317,
    0.008249438367784023,
    0.007637988775968552,
    0.006825855001807213,
    0.007478817366063595,
    0.007436100393533707,
    0.006846260745078325,
    0.007740117143839598,
    0.005961923860013485,
    0.008145898580551147,
    0.005064572207629681,
    0.004945714026689529,
    0.005640965420752764,
    0.004476407542824745,
    0.004194245673716068,
    0.004512963350862265
  ],
  "val_accuracy": [
    0.9722145199775696,
    0.9252570271492004,
    0.9380383491516113,
    0.9872186779975891,
    0.9941650629043579,
    0.9886079430580139,
    0.9852736592292786,
    0.9891636371612549,
    0.9952764511108398,
    0.9947207570075989,
    0.9924979209899902,
    0.9941650629043579,
    0.9949986338615417,
    0.994442880153656,
    0.9958322048187256,
    0.9961100220680237,
    0.9972214698791504,
    0.9958322048187256,
    0.9974992871284485,
    0.9961100220680237,
    0.9952764511108398,
    0.9977771639823914,
    0.9980550408363342,
    0.9972214698791504,
    0.9958322048187256,
    0.9961100220680237,
    0.9980550408363342,
    0.9966657161712646,
    0.9961100220680237,
    0.9980550408363342,
    0.9974992871284485,
    0.999444305896759,
    0.9980550408363342,
    0.9977771639823914,
    0.9972214698791504,
    0.9991664290428162,
    0.9977771639823914,
    0.9972214698791504,
    0.9924979209899902,
    0.9986107349395752,
    0.9988885521888733,
    0.9986107349395752,
    0.9986107349395752,
    0.9980550408363342,
    0.9983328580856323,
    0.9988885521888733,
    0.9986107349395752,
    0.9983328580856323,
    0.999444305896759,
    0.9988885521888733,
    0.9986107349395752,
    0.9986107349395752,
    0.9980550408363342,
    0.999444305896759,
    0.9988885521888733,
    0.9986107349395752,
    0.999444305896759,
    0.9991664290428162,
    0.9988885521888733,
    0.9980550408363342
  ],
  "val_loss": [
    0.08797156810760498,
    0.20239488780498505,
    0.16905298829078674,
    0.04679432883858681,
    0.020042777061462402,
    0.04053935036063194,
    0.04818316921591759,
    0.02644488960504532,
    0.017960557714104652,
    0.014736086130142212,
    0.020721131935715675,
    0.02362767793238163,
    0.017013031989336014,
    0.015405564568936825,
    0.014840247109532356,
    0.014260680414736271,
    0.011498617939651012,
    0.012389658018946648,
    0.009215738624334335,
    0.014336963184177876,
    0.01858138106763363,
    0.009080498479306698,
    0.00968677457422018,
    0.010259046219289303,
    0.014215846545994282,
    0.009211374446749687,
    0.006098946090787649,
    0.008634138852357864,
    0.010702094063162804,
    0.005821345839649439,
    0.010800727643072605,
    0.004733952693641186,
    0.008688484318554401,
    0.0109421256929636,
    0.00740116136148572,
    0.007006780244410038,
    0.0068525280803442,
    0.009019005112349987,
    0.02937198616564274,
    0.005992220249027014,
    0.006389083806425333,
    0.005301663186401129,
    0.004435434937477112,
    0.00604485347867012,
    0.004560796078294516,
    0.0034232530742883682,
    0.0032715401612222195,
    0.00550880515947938,
    0.004566675052046776,
    0.004573197104036808,
    0.00701604038476944,
    0.006328091956675053,
    0.007997111417353153,
    0.00397180300205946,
    0.003810146125033498,
    0.004457634408026934,
    0.002913505071774125,
    0.0039185588248074055,
    0.00439423369243741,
    0.005239645019173622
  ],
  "learning_rate": [
    0.0010000000474974513,
    0.0010000000474974513,
    0.0010000000474974513,
    0.0010000000474974513,
    0.0010000000474974513,
    0.0010000000474974513,
    0.0010000000474974513,
    0.0010000000474974513,
    0.0010000000474974513,
    0.0010000000474974513,
    0.0010000000474974513,
    0.0010000000474974513,
    0.0010000000474974513,
    0.0010000000474974513,
    0.0010000000474974513,
    0.0010000000474974513,
    0.0010000000474974513,
    0.0010000000474974513,
    0.0010000000474974513,
    0.0010000000474974513,
    0.0010000000474974513,
    0.0010000000474974513,
    0.0010000000474974513,
    0.0010000000474974513,
    0.0010000000474974513,
    0.0010000000474974513,
    0.0010000000474974513,
    0.0010000000474974513,
    0.0010000000474974513,
    0.0010000000474974513,
    0.0010000000474974513,
    0.0010000000474974513,
    0.0010000000474974513,
    0.0010000000474974513,
    0.0010000000474974513,
    0.0010000000474974513,
    0.0010000000474974513,
    0.0010000000474974513,
    0.0010000000474974513,
    0.0005000000237487257,
    0.0005000000237487257,
    0.0005000000237487257,
    0.0005000000237487257,
    0.0005000000237487257,
    0.0005000000237487257,
    0.0005000000237487257,
    0.0005000000237487257,
    0.0005000000237487257,
    0.0005000000237487257,
    0.0005000000237487257,
    0.0005000000237487257,
    0.0005000000237487257,
    0.0005000000237487257,
    0.0005000000237487257,
    0.0002500000118743628,
    0.0002500000118743628,
    0.0002500000118743628,
    0.0002500000118743628,
    0.0002500000118743628,
    0.0002500000118743628
  ]
}