{
  "accuracy": [
    0.5550346970558167,
    0.6298611164093018
  ],
  "loss": [
    0.9289113283157349,
    0.5935811400413513
  ],
  "val_accuracy": [
    0.7055555582046509,
    0.7388888597488403
  ],
  "val_loss": [
    0.8555657267570496,
    0.6416119933128357
  ]
}