{
  "accuracy": [
    0.7073479890823364,
    0.8923141956329346,
    0.9153997898101807,
    0.9175112843513489,
    0.9341216087341309,
    0.9360923171043396,
    0.9407376050949097,
    0.9496058821678162,
    0.947212815284729,
    0.9514358043670654,
    0.950309693813324,
    0.9545326828956604,
    0.9556587934494019,
    0.9597409963607788,
    0.957207202911377,
    0.9535472989082336,
    0.9566441178321838,
    0.9510135054588318,
    0.9538288116455078,
    0.9583333134651184,
    0.9539695978164673,
    0.9517173171043396,
    0.9570664167404175,
    0.9541103839874268,
    0.9560810923576355,
    0.9545326828956604,
    0.9465090036392212,
    0.9476351141929626,
    0.9479166865348816,
    0.9504504799842834,
    0.9580518007278442,
    0.954954981803894,
    0.9539695978164673,
    0.9642454981803894,
    0.9596002101898193,
    0.9622747898101807,
    0.9645270109176636,
    0.9612894058227539,
    0.963119387626648,
    0.9649493098258972,
    0.9629786014556885,
    0.966920018196106,
    0.9676238894462585,
    0.9667792916297913,
    0.9683277010917664,
    0.9684684872627258,
    0.9711430072784424,
    0.9700168967247009,
    0.972832202911377,
    0.9712837934494019,
    0.9764921069145203,
    0.9739583134651184,
    0.9752252101898193,
    0.9770551919937134,
    0.9749436974525452,
    0.9773367047309875,
    0.978462815284729,
    0.9770551919937134,
    0.9740990996360779,
    0.9808558821678162
  ],
  "loss": [
    0.7576684355735779,
    0.2925325632095337,
    0.23092710971832275,
    0.2042679488658905,
    0.1714172512292862,
    0.173426553606987,
    0.1620088368654251,
    0.1476820707321167,
    0.14436350762844086,
    0.13896670937538147,
    0.1374337375164032,
    0.12113817036151886,
    0.12470739334821701,
    0.10823357850313187,
    0.11254022270441055,
    0.12466025352478027,
    0.11426369845867157,
    0.13295350968837738,
    0.12271184474229813,
    0.11855584383010864,
    0.12077942490577698,
    0.12548691034317017,
    0.11332858353853226,
    0.12421958148479462,
    0.11569623649120331,
    0.12500566244125366,
    0.13578523695468903,
    0.1340387761592865,
    0.1308497190475464,
    0.1252775341272354,
    0.11315048485994339,
    0.11672156304121017,
    0.1215507984161377,
    0.09442707151174545,
    0.10457893460988998,
    0.09843920916318893,
    0.09871285408735275,
    0.10524916648864746,
    0.1019393727183342,
    0.09228479862213135,
    0.09936099499464035,
    0.09144951403141022,
    0.08591870963573456,
    0.08909668773412704,
    0.08004719763994217,
    0.08493147045373917,
    0.07801178097724915,
    0.07982471585273743,
    0.07269418239593506,
    0.07546072453260422,
    0.06745947897434235,
    0.07040902227163315,
    0.07214246690273285,
    0.06118422746658325,
    0.0712585300207138,
    0.0629696324467659,
    0.0639740377664566,
    0.06172138825058937,
    0.0681995078921318,
    0.05466783791780472
  ],
  "val_accuracy": [
    0.9305555820465088,
    0.8715277910232544,
    0.9722222089767456,
    0.9722222089767456,
    0.9861111044883728,
    0.96875,
    0.9444444179534912,
    0.9618055820465088,
    0.9791666865348816,
    0.9722222089767456,
    0.9861111044883728,
    0.9756944179534912,
    0.9895833134651184,
    0.9409722089767456,
    0.9826388955116272,
    0.9826388955116272,
    0.9375,
    0.9756944179534912,
    0.9583333134651184,
    0.9930555820465088,
    0.9756944179534912,
    0.9548611044883728,
    0.9791666865348816,
    0.9722222089767456,
    0.9930555820465088,
    0.9895833134651184,
    0.9236111044883728,
    0.9930555820465088,
    0.9861111044883728,
    0.9895833134651184,
    0.9965277910232544,
    0.9861111044883728,
    0.9861111044883728,
    0.9895833134651184,
    0.9930555820465088,
    0.9791666865348816,
    0.9965277910232544,
    0.9895833134651184,
    0.9930555820465088,
    0.9965277910232544,
    0.9965277910232544,
    1.0,
    1.0,
    0.9965277910232544,
    0.9861111044883728,
    0.9861111044883728,
    0.9930555820465088,
    0.9930555820465088,
    0.9965277910232544,
    1.0,
    1.0,
    1.0,
    1.0,
    1.0,
    1.0,
    1.0,
    1.0,
    1.0,
    1.0,
    1.0
  ],
  "val_loss": [
    0.3124490976333618,
    0.30346643924713135,
    0.1315833032131195,
    0.09162987023591995,
    0.0678996741771698,
    0.11838854849338531,
    0.1585545837879181,
    0.08949567377567291,
    0.08744246512651443,
    0.08831112831830978,
    0.050011586397886276,
    0.0528225302696228,
    0.0691235363483429,
    0.14204563200473785,
    0.05528263375163078,
    0.04960837960243225,
    0.1474934220314026,
    0.07509094476699829,
    0.09924934804439545,
    0.031531110405921936,
    0.08041594922542572,
    0.11145283281803131,
    0.056556787341833115,
    0.07254490256309509,
    0.028894474729895592,
    0.044585857540369034,
    0.17049483954906464,
    0.03201700747013092,
    0.03940078616142273,
    0.039463140070438385,
    0.018624773249030113,
    0.02903975360095501,
    0.02772301807999611,
    0.024773038923740387,
    0.019338076934218407,
    0.05672100558876991,
    0.020023247227072716,
    0.036254674196243286,
    0.024859951809048653,
    0.016883855685591698,
    0.017879165709018707,
    0.009981566108763218,
    0.011218789964914322,
    0.0127849280834198,
    0.02821820229291916,
    0.021502841264009476,
    0.013203863054513931,
    0.0299640204757452,
    0.01015743799507618,
    0.009943966753780842,
    0.008610821329057217,
    0.006457657553255558,
    0.004786800127476454,
    0.006177918985486031,
    0.0074736434035003185,
    0.01010256540030241,
    0.0039632548578083515,
    0.004355596378445625,
    0.007409107405692339,
    0.0054091596975922585
  ],
  "learning_rate": [
    0.0010000000474974513,
    0.0010000000474974513,
    0.0010000000474974513,
    0.0010000000474974513,
    0.0010000000474974513,
    0.0010000000474974513,
    0.0010000000474974513,
    0.0010000000474974513,
    0.0010000000474974513,
    0.0010000000474974513,
    0.0010000000474974513,
    0.0010000000474974513,
    0.0010000000474974513,
    0.0010000000474974513,
    0.0010000000474974513,
    0.0010000000474974513,
    0.0010000000474974513,
    0.0010000000474974513,
    0.0010000000474974513,
    0.0010000000474974513,
    0.0010000000474974513,
    0.0010000000474974513,
    0.0010000000474974513,
    0.0010000000474974513,
    0.0010000000474974513,
    0.0010000000474974513,
    0.0010000000474974513,
    0.0010000000474974513,
    0.0010000000474974513,
    0.0010000000474974513,
    0.0010000000474974513,
    0.0010000000474974513,
    0.0010000000474974513,
    0.0010000000474974513,
    0.0010000000474974513,
    0.0010000000474974513,
    0.0010000000474974513,
    0.0010000000474974513,
    0.0005000000237487257,
    0.0005000000237487257,
    0.0005000000237487257,
    0.0005000000237487257,
    0.0005000000237487257,
    0.0005000000237487257,
    0.0005000000237487257,
    0.0005000000237487257,
    0.0005000000237487257,
    0.0005000000237487257,
    0.0005000000237487257,
    0.0002500000118743628,
    0.0002500000118743628,
    0.0002500000118743628,
    0.0002500000118743628,
    0.0002500000118743628,
    0.0002500000118743628,
    0.0002500000118743628,
    0.0002500000118743628,
    0.0002500000118743628,
    0.0002500000118743628,
    0.0002500000118743628
  ]
}