{
  "accuracy": [
    0.4252631664276123,
    0.7347368597984314,
    0.8336842060089111,
    0.8442105054855347,
    0.88210529088974,
    0.9084210395812988,
    0.9147368669509888,
    0.9221052527427673,
    0.9231578707695007,
    0.9221052527427673,
    0.9410526156425476,
    0.9494736790657043,
    0.9494736790657043,
    0.9557894468307495,
    0.948421061038971,
    0.9578947424888611,
    0.9494736790657043,
    0.9515789747238159,
    0.961052656173706,
    0.9536842107772827,
    0.9505262970924377,
    0.9663158059120178,
    0.961052656173706,
    0.969473659992218,
    0.9715789556503296,
    0.9673684239387512,
    0.9673684239387512,
    0.972631573677063,
    0.9631578922271729,
    0.9768421053886414,
    0.9747368693351746,
    0.9789473414421082,
    0.9831578731536865,
    0.975789487361908,
    0.9810526371002197,
    0.9810526371002197,
    0.9789473414421082,
    0.9736841917037964,
    0.9821052551269531,
    0.9842105507850647,
    0.9810526371002197,
    0.9842105507850647,
    0.9831578731536865,
    0.9863157868385315,
    0.9842105507850647,
    0.9821052551269531,
    0.9852631688117981,
    0.9852631688117981,
    0.975789487361908,
    0.9821052551269531,
    0.9873684048652649,
    0.9905263185501099,
    0.9778947234153748,
    0.9863157868385315,
    0.9747368693351746,
    0.9852631688117981,
    0.9789473414421082,
    0.9947368502616882,
    0.9831578731536865,
    0.9873684048652649,
    0.9863157868385315,
    0.9905263185501099,
    0.9884210228919983,
    0.9884210228919983,
    0.9800000190734863,
    0.9873684048652649,
    0.9915789365768433
  ],
  "loss": [
    1.5350513458251953,
    0.7272061705589294,
    0.49856874346733093,
    0.42823880910873413,
    0.32725784182548523,
    0.2552511394023895,
    0.24335989356040955,
    0.20875297486782074,
    0.21923495829105377,
    0.19781865179538727,
    0.16869936883449554,
    0.15404772758483887,
    0.14849039912223816,
    0.12063870579004288,
    0.14661115407943726,
    0.11970210075378418,
    0.12770968675613403,
    0.12333819270133972,
    0.11140386015176773,
    0.12064561992883682,
    0.12041949480772018,
    0.09689409285783768,
    0.09352978318929672,
    0.08566652238368988,
    0.07984554767608643,
    0.09983383119106293,
    0.08399099111557007,
    0.07337324321269989,
    0.08783266693353653,
    0.06143639236688614,
    0.06420906633138657,
    0.06148044019937515,
    0.05645052343606949,
    0.05941387638449669,
    0.060757655650377274,
    0.05341776832938194,
    0.05149701237678528,
    0.05994436517357826,
    0.057419851422309875,
    0.049743346869945526,
    0.055920638144016266,
    0.045418981462717056,
    0.05681930109858513,
    0.04855537787079811,
    0.05687861144542694,
    0.04949211701750755,
    0.04395083710551262,
    0.05217485874891281,
    0.05003076419234276,
    0.05697186663746834,
    0.03678213432431221,
    0.039665766060352325,
    0.05472349375486374,
    0.03523639962077141,
    0.04579618200659752,
    0.050583504140377045,
    0.05613946169614792,
    0.029346181079745293,
    0.05462878197431564,
    0.042292434722185135,
    0.03258489817380905,
    0.03560728207230568,
    0.03863390535116196,
    0.04338003695011139,
    0.042234331369400024,
    0.04001668095588684,
    0.030327215790748596
  ],
  "val_accuracy": [
    0.41025641560554504,
    0.41025641560554504,
    0.692307710647583,
    0.8461538553237915,
    0.7948718070983887,
    0.8205128312110901,
    0.8205128312110901,
    0.8461538553237915,
    0.8717948794364929,
    0.8717948794364929,
    0.8461538553237915,
    0.8717948794364929,
    0.8461538553237915,
    0.8717948794364929,
    0.8717948794364929,
    0.8461538553237915,
    0.8461538553237915,
    0.9230769276618958,
    0.8717948794364929,
    0.8461538553237915,
    0.8717948794364929,
    0.8974359035491943,
    0.8974359035491943,
    0.9230769276618958,
    0.8974359035491943,
    0.9230769276618958,
    0.9230769276618958,
    0.8717948794364929,
    0.8461538553237915,
    0.8974359035491943,
    0.9230769276618958,
    0.8974359035491943,
    0.8717948794364929,
    0.8974359035491943,
    0.8974359035491943,
    0.9230769276618958,
    0.9487179517745972,
    0.9230769276618958,
    0.8974359035491943,
    0.9230769276618958,
    0.8974359035491943,
    0.9230769276618958,
    0.8974359035491943,
    0.9230769276618958,
    0.9230769276618958,
    0.9230769276618958,
    0.9230769276618958,
    0.9230769276618958,
    0.9487179517745972,
    0.9487179517745972,
    0.9230769276618958,
    0.9487179517745972,
    0.9230769276618958,
    0.9487179517745972,
    0.9230769276618958,
    0.9230769276618958,
    0.9230769276618958,
    0.9230769276618958,
    0.9230769276618958,
    0.9230769276618958,
    0.9230769276618958,
    0.8974359035491943,
    0.8974359035491943,
    0.8974359035491943,
    0.9230769276618958,
    0.9230769276618958,
    0.9230769276618958
  ],
  "val_loss": [
    1.7930099964141846,
    1.4015276432037354,
    0.7438544034957886,
    0.5563729405403137,
    0.5620806217193604,
    0.5067878365516663,
    0.43861761689186096,
    0.4175570607185364,
    0.3635826110839844,
    0.4120200574398041,
    0.310524046421051,
    0.3636820912361145,
    0.33047136664390564,
    0.3908582627773285,
    0.31281498074531555,
    0.2622614800930023,
    0.420888751745224,
    0.22839362919330597,
    0.31510862708091736,
    0.29625189304351807,
    0.28548526763916016,
    0.3438856303691864,
    0.336208701133728,
    0.24232609570026398,
    0.37062084674835205,
    0.2653399109840393,
    0.2583644986152649,
    0.40493157505989075,
    0.36852553486824036,
    0.34263432025909424,
    0.39393869042396545,
    0.25002390146255493,
    0.2422480285167694,
    0.23685581982135773,
    0.24088042974472046,
    0.1843412071466446,
    0.18698881566524506,
    0.18688519299030304,
    0.16064856946468353,
    0.17033560574054718,
    0.17736805975437164,
    0.19434066116809845,
    0.22137612104415894,
    0.1978759467601776,
    0.15759499371051788,
    0.19194908440113068,
    0.18791988492012024,
    0.185866579413414,
    0.18271483480930328,
    0.18633721768856049,
    0.2346687614917755,
    0.2355313003063202,
    0.26090261340141296,
    0.24545025825500488,
    0.24061165750026703,
    0.2465226799249649,
    0.2563171982765198,
    0.2433512955904007,
    0.28853803873062134,
    0.2865309417247772,
    0.2841704189777374,
    0.26776567101478577,
    0.23957949876785278,
    0.231276273727417,
    0.21366339921951294,
    0.2163652777671814,
    0.2127940058708191
  ],