{
  "accuracy": [
    0.40842103958129883,
    0.6947368383407593,
    0.7884210348129272,
    0.8505263328552246,
    0.8589473962783813,
    0.8747368454933167,
    0.9094736576080322,
    0.9010526537895203,
    0.9231578707695007,
    0.9189473390579224,
    0.9273684024810791,
    0.9399999976158142,
    0.9231578707695007,
    0.9431579113006592,
    0.9473684430122375,
    0.9494736790657043,
    0.933684229850769,
    0.9589473605155945,
    0.9442105293273926,
    0.9431579113006592,
    0.9547368288040161,
    0.9578947424888611,
    0.9568421244621277,
    0.9526315927505493,
    0.9663158059120178,
    0.961052656173706,
    0.9705263376235962,
    0.972631573677063,
    0.9715789556503296,
    0.9621052742004395,
    0.9800000190734863,
    0.9736841917037964,
    0.9663158059120178,
    0.9736841917037964,
    0.9715789556503296,
    0.975789487361908,
    0.9747368693351746,
    0.975789487361908,
    0.9800000190734863,
    0.9810526371002197,
    0.9768421053886414,
    0.975789487361908,
    0.9789473414421082,
    0.9778947234153748,
    0.9915789365768433,
    0.9768421053886414,
    0.9778947234153748,
    0.9715789556503296,
    0.9810526371002197,
    0.9852631688117981,
    0.9852631688117981,
    0.9778947234153748,
    0.9873684048652649,
    0.9821052551269531,
    0.9863157868385315,
    0.9821052551269531,
    0.9842105507850647,
    0.9905263185501099,
    0.9810526371002197,
    0.9842105507850647,
    0.9800000190734863,
    0.9863157868385315,
    0.9863157868385315
  ],
  "loss": [
    1.5826940536499023,
    0.8183582425117493,
    0.5986506938934326,
    0.4482857584953308,
    0.39585211873054504,
    0.33417341113090515,
    0.266279399394989,
    0.2530752122402191,
    0.20197319984436035,
    0.20819559693336487,
    0.18052659928798676,
    0.17006726562976837,
    0.18318156898021698,
    0.15505237877368927,
    0.14575998485088348,
    0.14324131608009338,
    0.16210275888442993,
    0.1338535100221634,
    0.13432562351226807,
    0.12698589265346527,
    0.11423416435718536,
    0.09722773730754852,
    0.10448018461465836,
    0.12838567793369293,
    0.09825307130813599,
    0.09880542010068893,
    0.08485544472932816,
    0.07156561315059662,
    0.07964332401752472,
    0.0858294814825058,
    0.06323707848787308,
    0.0752413272857666,
    0.08152063935995102,
    0.06180268153548241,
    0.08388715237379074,
    0.07007385790348053,
    0.062021370977163315,
    0.06084442883729935,
    0.05613991245627403,
    0.05268353596329689,
    0.06190797686576843,
    0.07519523054361343,
    0.061245255172252655,
    0.07141163945198059,
    0.03901934623718262,
    0.058506034314632416,
    0.06221286207437515,
    0.06439467519521713,
    0.04739489033818245,
    0.044362932443618774,
    0.05080129951238632,
    0.05725014954805374,
    0.04002278298139572,
    0.04881235212087631,
    0.03699488565325737,
    0.04613426700234413,
    0.03893601894378662,
    0.03764243796467781,
    0.05181744322180748,
    0.04560070484876633,
    0.050797782838344574,
    0.03834940865635872,
    0.045120637863874435
  ],
  "val_accuracy": [
    0.38461539149284363,
    0.5128205418586731,
    0.7435897588729858,
    0.8974359035491943,
    0.8461538553237915,
    0.8205128312110901,
    0.8461538553237915,
    0.8717948794364929,
    0.8717948794364929,
    0.8717948794364929,
    0.8461538553237915,
    0.8461538553237915,
    0.8974359035491943,
    0.8461538553237915,
    0.8461538553237915,
    0.8717948794364929,
    0.8717948794364929,
    0.8461538553237915,
    0.8974359035491943,
    0.9230769276618958,
    0.8717948794364929,
    0.8974359035491943,
    0.8717948794364929,
    0.8974359035491943,
    0.9230769276618958,
    0.8974359035491943,
    0.9230769276618958,
    0.8974359035491943,
    0.8974359035491943,
    0.8974359035491943,
    0.9230769276618958,
    0.9487179517745972,
    0.9230769276618958,
    0.9230769276618958,
    0.9230769276618958,
    0.8974359035491943,
    0.8974359035491943,
    0.8974359035491943,
    0.9487179517745972,
    0.9230769276618958,
    0.9230769276618958,
    0.8974359035491943,
    0.8974359035491943,
    0.9230769276618958,
    0.9230769276618958,
    0.8974359035491943,
    0.9230769276618958,
    0.9230769276618958,
    0.8974359035491943,
    0.9230769276618958,
    0.8974359035491943,
    0.9487179517745972,
    0.9230769276618958,
    0.9230769276618958,
    0.8974359035491943,
    0.8974359035491943,
    0.8974359035491943,
    0.8974359035491943,
    0.8974359035491943,
    0.8974359035491943,
    0.8974359035491943,
    0.9487179517745972,
    0.9230769276618958
  ],
  "val_loss": [
    2.115797758102417,
    1.4091559648513794,
    0.764318585395813,
    0.5549598336219788,
    0.4543614983558655,
    0.39300739765167236,
    0.4072602391242981,
    0.3840770125389099,
    0.35301023721694946,
    0.4295216500759125,
    0.42628684639930725,
    0.3807084262371063,
    0.33687111735343933,
    0.4012819826602936,
    0.5143164396286011,
    0.5471298098564148,
    0.4296732246875763,
    0.4609934985637665,
    0.266406387090683,
    0.2878301739692688,
    0.3549182713031769,
    0.44061949849128723,
    0.2761637270450592,
    0.2804672122001648,
    0.28453055024147034,
    0.31124770641326904,
    0.2050400823354721,
    0.24411045014858246,
    0.24394379556179047,
    0.289134681224823,
    0.2692394554615021,
    0.14389485120773315,
    0.14183349907398224,
    0.15571081638336182,
    0.11806018650531769,
    0.14639461040496826,
    0.2561464309692383,
    0.3341270685195923,
    0.1830926388502121,
    0.1357363611459732,
    0.10858673602342606,
    0.23036685585975647,
    0.23814436793327332,
    0.1799614280462265,
    0.19087180495262146,
    0.18655356764793396,
    0.1850898414850235,
    0.15506012737751007,
    0.2075420767068863,
    0.13674548268318176,
    0.1859825998544693,
    0.12745735049247742,
    0.13099253177642822,
    0.17615285515785217,
    0.1446421891450882,
    0.1459444910287857,
    0.1739841252565384,
    0.18481071293354034,
    0.16245593130588531,
    0.14477406442165375,
    0.17208130657672882,
    0.1239030510187149,
    0.13229477405548096
  ],
  "learning_rate": [
    0.0010000000474974513,
    0.0010000000474974513,
    0.0010000000474974513,
    0.0010000000474974513,
    0.0010000000474974513,
    0.0010000000474974513,
    0.0010000000474974513,
    0.0010000000474974513,
    0.0010000000474974513,
    0.0010000000474974513,
    0.0010000000474974513,
    0.0010000000474974513,
    0.0010000000474974513,
    0.0010000000474974513,
    0.0010000000474974513,
    0.0010000000474974513,
    0.0010000000474974513,
    0.0010000000474974513,
    0.0010000000474974513,
    0.0010000000474974513,
    0.0010000000474974513,
    0.0010000000474974513,
    0.0010000000474974513,
    0.0010000000474974513,
    0.0010000000474974513,
    0.0010000000474974513,
    0.0005000000237487257,
    0.0005000000237487257,
    0.0005000000237487257,
    0.0005000000237487257,
    0.0005000000237487257,
    0.0005000000237487257,
    0.0005000000237487257,
    0.0005000000237487257,
    0.0005000000237487257,
    0.0005000000237487257,
    0.0005000000237487257,
    0.0005000000237487257,
    0.0005000000237487257,
    0.0005000000237487257,
    0.0005000000237487257,
    0.0005000000237487257,
    0.0005000000237487257,
    0.0005000000237487257,
    0.0005000000237487257,
    0.0005000000237487257,
    0.0005000000237487257,
    0.0005000000237487257,
    0.0002500000118743628,
    0.0002500000118743628,
    0.0002500000118743628,
    0.0002500000118743628,
    0.0002500000118743628,
    0.0002500000118743628,
    0.0002500000118743628,
    0.0001250000059371814,
    0.0001250000059371814,
    0.0001250000059371814,
    0.0001250000059371814,
    0.0001250000059371814,
    0.0001250000059371814,
    0.0001250000059371814,
    6.25000029685907e-05
  ]
}