{
  "accuracy": [
    0.9039402008056641,
    0.9494355916976929,
    0.9552775621414185,
    0.9567515254020691,
    0.9559785723686218,
    0.9587467908859253,
    0.9629350304603577,
    0.9634742736816406,
    0.96200031042099,
    0.9639416337013245,
    0.9611015319824219,
    0.9652897715568542,
    0.9662783741950989,
    0.9672310948371887,
    0.9671951532363892,
    0.9678422212600708,
    0.9670872688293457,
    0.9692263603210449,
    0.9690465927124023,
    0.9694600105285645,
    0.9706463813781738,
    0.9692083597183228,
    0.9714013338088989,
    0.9701610803604126,
    0.9693162441253662,
    0.969837486743927,
    0.9676804542541504,
    0.9714372754096985,
    0.9700711965560913,
    0.9732887744903564,
    0.974007785320282,
    0.9751222133636475,
    0.9729472398757935,
    0.9723181128501892,
    0.9749425053596497,
    0.9759311079978943,
    0.9759131669998169,
    0.9760928750038147,
    0.9775848388671875,
    0.9769737124443054,
    0.977692723274231,
    0.9768118858337402,
    0.9781780242919922,
    0.9772972464561462,
    0.9780162572860718,
    0.9788071513175964,
    0.9800294637680054,
    0.9814136028289795,
    0.9806765913963318,
    0.9821685552597046,
    0.9812877774238586,
    0.9797778129577637,
    0.9814315438270569,
    0.9814315438270569,
    0.9814315438270569,
    0.9817011952400208,
    0.9817730784416199,
    0.9828875660896301,
    0.9831032752990723,
    0.9818629622459412,
    0.9826359152793884,
    0.9822943806648254,
    0.9820067882537842,
    0.982671856880188,
    0.9838941693305969,
    0.9837324023246765,
    0.983013391494751,
    0.9832470417022705,
    0.9832291007041931,
    0.9826897978782654,
    0.9831751585006714,
    0.9836784601211548,
    0.9840559363365173,
    0.9839301109313965,
    0.9842716455459595,
    0.9845232963562012,
    0.9836245179176331,
    0.9834627509117126
  ],
  "loss": [
    0.2435189187526703,
    0.11835077404975891,
    0.10607294738292694,
    0.10307810455560684,
    0.10018814355134964,
    0.09441183507442474,
    0.0882294774055481,
    0.08420757949352264,
    0.08776896446943283,
    0.08336114883422852,
    0.08895614743232727,
    0.0821322575211525,
    0.0796537920832634,
    0.07699014991521835,
    0.0773506611585617,
    0.07685204595327377,
    0.07601892203092575,
    0.07127862423658371,
    0.07388662546873093,
    0.06994936615228653,
    0.0704173594713211,
    0.07280111312866211,
    0.06800702959299088,
    0.07059997320175171,
    0.0724731907248497,
    0.07164579629898071,
    0.07733350992202759,
    0.06980390101671219,
    0.0718650370836258,
    0.06398878991603851,
    0.06301239132881165,
    0.06072773039340973,
    0.06429429352283478,
    0.06777922809123993,
    0.05945155397057533,
    0.058254558593034744,
    0.057638704776763916,
    0.057541389018297195,
    0.05276086553931236,
    0.05483882874250412,
    0.05211012810468674,
    0.054049842059612274,
    0.052364591509103775,
    0.054296039044857025,
    0.05282279849052429,
    0.05106044560670853,
    0.047791991382837296,
    0.04624788090586662,
    0.047719355672597885,
    0.04352565482258797,
    0.04556393623352051,
    0.04764151945710182,
    0.04428662359714508,
    0.045662131160497665,
    0.04607316479086876,
    0.04429791122674942,
    0.045075297355651855,
    0.04196062684059143,
    0.04213550686836243,
    0.043113354593515396,
    0.04343893378973007,
    0.04292209446430206,
    0.04361412301659584,
    0.0430627167224884,
    0.0384712778031826,
    0.039638418704271317,
    0.04162903502583504,
    0.04127613827586174,
    0.04200095310807228,
    0.04114213213324547,
    0.040532466024160385,
    0.04033263400197029,
    0.03754465654492378,
    0.038249872624874115,
    0.03877284750342369,
    0.03850240632891655,
    0.03954140469431877,
    0.039880577474832535
  ],
  "val_accuracy": [
    0.9551337361335754,
    0.9237848520278931,
    0.9712395668029785,
    0.9795801043510437,
    0.98935866355896,
    0.9887834191322327,
    0.9792925119400024,
    0.9873453974723816,
    0.9922347068786621,
    0.9767040610313416,
    0.9859073758125305,
    0.9838941693305969,
    0.9850445985794067,
    0.994535505771637,
    0.9856197834014893,
    0.9882082343101501,
    0.9948230981826782,
    0.9867702126502991,
    0.9815933108329773,
    0.995973527431488,
    0.9781420826911926,
    0.9930974841117859,
    0.9769916534423828,
    0.9861949682235718,
    0.9976991415023804,
    0.9804428815841675,
    0.9953983426094055,
    0.9962611198425293,
    0.9925222992897034,
    0.9979867935180664,
    0.9887834191322327,
    0.9902214407920837,
    0.9962611198425293,
    0.9936727285385132,
    0.9971239566802979,
    0.9879206418991089,
    0.9965487718582153,
    0.9976991415023804,
    0.9971239566802979,
    0.9948230981826782,
    0.9976991415023804,
    0.9974115490913391,
    0.994535505771637,
    0.9948230981826782,
    0.9982743859291077,
    0.9974115490913391,
    0.9974115490913391,
    0.9974115490913391,
    0.9965487718582153,
    0.9982743859291077,
    0.9982743859291077,
    0.9979867935180664,
    0.9971239566802979,
    0.9979867935180664,
    0.9971239566802979,
    0.9982743859291077,
    0.9979867935180664,
    0.9974115490913391,
    0.995973527431488,
    0.9976991415023804,
    0.9974115490913391,
    0.9979867935180664,
    0.9971239566802979,
    0.9971239566802979,
    0.9974115490913391,
    0.9979867935180664,
    0.9968363642692566,
    0.9982743859291077,
    0.9962611198425293,
    0.9971239566802979,
    0.9968363642692566,
    0.9982743859291077,
    0.9976991415023804,
    0.9979867935180664,
    0.9953983426094055,
    0.9985619783401489,
    0.9976991415023804,
    0.9979867935180664
  ],
  "val_loss": [
    0.12669667601585388,
    0.15791234374046326,
    0.09262014180421829,
    0.06595803797245026,
    0.04938005656003952,
    0.049917519092559814,
    0.05602031573653221,
    0.04625559225678444,
    0.043227504938840866,
    0.0568353608250618,
    0.05388403311371803,
    0.05191601440310478,
    0.04571528732776642,
    0.030549250543117523,
    0.04528788849711418,
    0.04651826247572899,
    0.03267626091837883,
    0.04656152427196503,
    0.045730914920568466,
    0.02642066963016987,
    0.0510927177965641,
    0.025172244757413864,
    0.05578777939081192,
    0.041207849979400635,
    0.022580275312066078,
    0.04593326896429062,
    0.018706869333982468,
    0.02403498813509941,
    0.02856137976050377,
    0.022398604080080986,
    0.03002287447452545,
    0.03325822576880455,
    0.019514434039592743,
    0.024324633181095123,
    0.01602635532617569,
    0.03128669410943985,
    0.018039816990494728,
    0.01437167078256607,
    0.018995046615600586,
    0.019292905926704407,
    0.018207138404250145,
    0.01691361889243126,
    0.020628174766898155,
    0.020302480086684227,
    0.01826370134949684,
    0.013328840024769306,
    0.014168689027428627,
    0.015226217918097973,
    0.014483563601970673,
    0.012399159371852875,
    0.01218766625970602,
    0.013448568060994148,
    0.01234175730496645,
    0.011102703399956226,
    0.01427527330815792,
    0.010539902374148369,
    0.011687598191201687,
    0.013367107138037682,
    0.015167959965765476,
    0.012176204472780228,
    0.01320962980389595,
    0.011902747675776482,
    0.01311875507235527,
    0.013972138985991478,
    0.013524309732019901,
    0.011215407401323318,
    0.014674854464828968,
    0.011040793731808662,
    0.014695081859827042,
    0.014006645418703556,
    0.013936900533735752,
    0.010913764126598835,
    0.011993857100605965,
    0.011429027654230595,
    0.018190404400229454,
    0.012025987729430199,
    0.01198688056319952,
    0.011926368810236454
  ],